"GEO_ID","NAME","B01003_001E","B01003_001M",
"Geography","Geographic Area Name","Estimate!!Total","Margin of Error!!Total",
"310M600US10140","Aberdeen, WA Micro Area","76841","*****",
"310M600US10180","Abilene, TX Metro Area","178608","2910",
"310M600US10300","Adrian, MI Micro Area","98956","*****",
"310M600US10380","Aguadilla-Isabela, PR Metro Area","309515","3633",
"310M600US10420","Akron, OH Metro Area","700015","*****",
"310M600US10460","Alamogordo, NM Micro Area","68537","*****",
"310M600US10500","Albany, GA Metro Area","146961","1334",
"310M600US10540","Albany-Lebanon, OR Metro Area","129839","*****",
"310M600US10580","Albany-Schenectady-Troy, NY Metro Area","899286","*****",
"310M600US10700","Albertville, AL Micro Area","98228","*****",
"310M600US10740","Albuquerque, NM Metro Area","921311","3332",
"310M600US10780","Alexandria, LA Metro Area","150890","*****",
"310M600US10900","Allentown-Bethlehem-Easton, PA-NJ Metro Area","865310","*****",
"310M600US11020","Altoona, PA Metro Area","121767","*****",
"310M600US11100","Amarillo, TX Metro Area","270119","2138",
"310M600US11180","Ames, IA Metro Area","126195","*****",
"310M600US11260","Anchorage, AK Metro Area","398807","*****",
"310M600US11460","Ann Arbor, MI Metro Area","369390","*****",
"310M600US11500","Anniston-Oxford, AL Metro Area","115972","*****",
"310M600US11540","Appleton, WI Metro Area","244084","*****",
"310M600US11640","Arecibo, PR Metro Area","182014","*****",
"310M600US11700","Asheville, NC Metro Area","472341","*****",
"310M600US11780","Ashtabula, OH Micro Area","97337","*****",
"310M600US11980","Athens, TX Micro Area","83667","*****",
"310M600US12020","Athens-Clarke County, GA Metro Area","217382","2431",
"310M600US12060","Atlanta-Sandy Springs-Alpharetta, GA Metro Area","6144970","3130",
"310M600US12100","Atlantic City-Hammonton, NJ Metro Area","274966","*****",
"310M600US12180","Auburn, NY Micro Area","75880","*****",
"310M600US12220","Auburn-Opelika, AL Metro Area","177218","*****",
"310M600US12260","Augusta-Richmond County, GA-SC Metro Area","616395","2280",
"310M600US12300","Augusta-Waterville, ME Micro Area","124486","*****",
"310M600US12420","Austin-Round Rock-Georgetown, TX Metro Area","2352426","*****",
"310M600US12540","Bakersfield, CA Metro Area","917673","*****",
"310M600US12580","Baltimore-Columbia-Towson, MD Metro Area","2838327","*****",
"310M600US12620","Bangor, ME Metro Area","152765","*****",
"310M600US12660","Baraboo, WI Micro Area","65697","*****",
"310M600US12700","Barnstable Town, MA Metro Area","232411","*****",
"310M600US12940","Baton Rouge, LA Metro Area","871905","*****",
"310M600US12980","Battle Creek, MI Metro Area","133819","*****",
"310M600US13020","Bay City, MI Metro Area","102985","*****",
"310M600US13140","Beaumont-Port Arthur, TX Metro Area","395419","*****",
"310M600US13180","Beaver Dam, WI Micro Area","89313","*****",
"310M600US13220","Beckley, WV Metro Area","113698","*****",
"310M600US13380","Bellingham, WA Metro Area","228831","*****",
"310M600US13460","Bend, OR Metro Area","204801","*****",
"310M600US13740","Billings, MT Metro Area","187037","*****",
"310M600US13780","Binghamton, NY Metro Area","245220","*****",
"310M600US13820","Birmingham-Hoover, AL Metro Area","1114262","*****",
"310M600US13900","Bismarck, ND Metro Area","134028","549",
"310M600US13980","Blacksburg-Christiansburg, VA Metro Area","168404","2949",
"310M600US14010","Bloomington, IL Metro Area","170889","*****",
"310M600US14020","Bloomington, IN Metro Area","161321","*****",
"310M600US14100","Bloomsburg-Berwick, PA Metro Area","82959","*****",
"310M600US14140","Bluefield, WV-VA Micro Area","104994","1574",
"310M600US14260","Boise City, ID Metro Area","801470","3815",
"310M600US14460","Boston-Cambridge-Newton, MA-NH Metro Area","4899932","*****",
"310M600US14500","Boulder, CO Metro Area","329543","*****",
"310M600US14540","Bowling Green, KY Metro Area","186107","2311",
"310M600US14580","Bozeman, MT Micro Area","122713","*****",
"310M600US14660","Brainerd, MN Micro Area","97909","*****",
"310M600US14740","Bremerton-Silverdale-Port Orchard, WA Metro Area","274314","*****",
"310M600US14860","Bridgeport-Stamford-Norwalk, CT Metro Area","959768","*****",
"310M600US15180","Brownsville-Harlingen, TX Metro Area","423029","*****",
"310M600US15260","Brunswick, GA Metro Area","115033","3541",
"310M600US15380","Buffalo-Cheektowaga, NY Metro Area","1162336","*****",
"310M600US15500","Burlington, NC Metro Area","173877","*****",
"310M600US15540","Burlington-South Burlington, VT Metro Area","226715","787",
"310M600US15680","California-Lexington Park, MD Metro Area","114468","*****",
"310M600US15940","Canton-Massillon, OH Metro Area","400525","*****",
"310M600US15980","Cape Coral-Fort Myers, FL Metro Area","787976","*****",
"310M600US16020","Cape Girardeau, MO-IL Metro Area","96456","2031",
"310M600US16060","Carbondale-Marion, IL Metro Area","133006","1042",
"310M600US16180","Carson City, NV Metro Area","58993","*****",
"310M600US16220","Casper, WY Metro Area","79555","*****",
"310M600US16300","Cedar Rapids, IA Metro Area","275435","*****",
"310M600US16500","Centralia, WA Micro Area","84398","*****",
"310M600US16540","Chambersburg-Waynesboro, PA Metro Area","156289","*****",
"310M600US16580","Champaign-Urbana, IL Metro Area","222696","*****",
"310M600US16620","Charleston, WV Metro Area","252942","1432",
"310M600US16700","Charleston-North Charleston, SC Metro Area","813052","*****",
"310M600US16740","Charlotte-Concord-Gastonia, NC-SC Metro Area","2701046","*****",
"310M600US16820","Charlottesville, VA Metro Area","220569","2088",
"310M600US16860","Chattanooga, TN-GA Metro Area","567395","3480",
"310M600US16940","Cheyenne, WY Metro Area","100863","*****",
"310M600US16980","Chicago-Naperville-Elgin, IL-IN-WI Metro Area","9510390","1737",
"310M600US17020","Chico, CA Metro Area","208309","*****",
"310M600US17060","Chillicothe, OH Micro Area","76891","*****",
"310M600US17140","Cincinnati, OH-KY-IN Metro Area","2261665","4395",
"310M600US17220","Clarksburg, WV Micro Area","90546","3287",
"310M600US17300","Clarksville, TN-KY Metro Area","329864","2681",
"310M600US17340","Clearlake, CA Micro Area","68766","*****",
"310M600US17420","Cleveland, TN Metro Area","129855","2845",
"310M600US17460","Cleveland-Elyria, OH Metro Area","2075662","*****",
"310M600US17660","Coeur d'Alene, ID Metro Area","179789","*****",
"310M600US17780","College Station-Bryan, TX Metro Area","271026","3925",
"310M600US17820","Colorado Springs, CO Metro Area","762792","*****",
"310M600US17860","Columbia, MO Metro Area","212796","2016",
"310M600US17900","Columbia, SC Metro Area","836324","2176",
"310M600US17980","Columbus, GA-AL Metro Area","326491","3282",
"310M600US18020","Columbus, IN Metro Area","82475","*****",
"310M600US18140","Columbus, OH Metro Area","2151017","*****",
"310M600US18180","Concord, NH Micro Area","155238","*****",
"310M600US18260","Cookeville, TN Micro Area","116526","1454",
"310M600US18500","Corning, NY Micro Area","92948","*****",
"310M600US18580","Corpus Christi, TX Metro Area","422778","*****",
"310M600US18700","Corvallis, OR Metro Area","96017","*****",
"310M600US18880","Crestview-Fort Walton Beach-Destin, FL Metro Area","293324","*****",
"310M600US18980","Cullman, AL Micro Area","89496","*****",
"310M600US19060","Cumberland, MD-WV Metro Area","94586","*****",
"310M600US19100","Dallas-Fort Worth-Arlington, TX Metro Area","7759615","*****",
"310M600US19140","Dalton, GA Metro Area","142799","*****",
"310M600US19180","Danville, IL Metro Area","73095","*****",
"310M600US19260","Danville, VA Micro Area","102187","*****",
"310M600US19300","Daphne-Fairhope-Foley, AL Metro Area","239294","*****",
"310M600US19340","Davenport-Moline-Rock Island, IA-IL Metro Area","381447","970",
"310M600US19430","Dayton-Kettering, OH Metro Area","813516","*****",
"310M600US19460","Decatur, AL Metro Area","156758","*****",
"310M600US19500","Decatur, IL Metro Area","102432","*****",
"310M600US19660","Deltona-Daytona Beach-Ormond Beach, FL Metro Area","685344","*****",
"310M600US19740","Denver-Aurora-Lakewood, CO Metro Area","2972567","*****",
"310M600US19780","Des Moines-West Des Moines, IA Metro Area","719146","*****",
"310M600US19820","Detroit-Warren-Dearborn, MI Metro Area","4365205","*****",
"310M600US20020","Dothan, AL Metro Area","151618","*****",
"310M600US20100","Dover, DE Metro Area","184149","*****",
"310M600US20180","DuBois, PA Micro Area","80082","*****",
"310M600US20220","Dubuque, IA Metro Area","98718","*****",
"310M600US20260","Duluth, MN-WI Metro Area","292285","693",
"310M600US20500","Durham-Chapel Hill, NC Metro Area","654012","*****",
"310M600US20700","East Stroudsburg, PA Metro Area","169273","*****",
"310M600US20740","Eau Claire, WI Metro Area","173317","*****",
"310M600US20940","El Centro, CA Metro Area","179851","*****",
"310M600US21060","Elizabethtown-Fort Knox, KY Metro Area","157318","2579",
"310M600US21140","Elkhart-Goshen, IN Metro Area","206921","*****",
"310M600US21300","Elmira, NY Metro Area","83045","*****",
"310M600US21340","El Paso, TX Metro Area","871727","1630",
"310M600US21420","Enid, OK Metro Area","61926","*****",
"310M600US21500","Erie, PA Metro Area","269011","*****",
"310M600US21660","Eugene-Springfield, OR Metro Area","383189","*****",
"310M600US21700","Eureka-Arcata, CA Micro Area","136310","*****",
"310M600US21780","Evansville, IN-KY Metro Area","313946","*****",
"310M600US21820","Fairbanks, AK Metro Area","95593","*****",
"310M600US22020","Fargo, ND-MN Metro Area","252136","*****",
"310M600US22060","Faribault-Northfield, MN Micro Area","67262","*****",
"310M600US22100","Farmington, MO Micro Area","67541","*****",
"310M600US22140","Farmington, NM Metro Area","120993","*****",
"310M600US22180","Fayetteville, NC Metro Area","524588","*****",
"310M600US22220","Fayetteville-Springdale-Rogers, AR Metro Area","558507","2298",
"310M600US22300","Findlay, OH Micro Area","74656","*****",
"310M600US22380","Flagstaff, AZ Metro Area","145052","*****",
"310M600US22420","Flint, MI Metro Area","404208","*****",
"310M600US22500","Florence, SC Metro Area","199259","*****",
"310M600US22520","Florence-Muscle Shoals, AL Metro Area","151517","*****",
"310M600US22540","Fond du Lac, WI Metro Area","104362","*****",
"310M600US22660","Fort Collins, CO Metro Area","362533","*****",
"310M600US22840","Fort Payne, AL Micro Area","71813","*****",
"310M600US22900","Fort Smith, AR-OK Metro Area","247661","2298",
"310M600US23060","Fort Wayne, IN Metro Area","423038","*****",
"310M600US23180","Frankfort, KY Micro Area","75717","*****",
"310M600US23420","Fresno, CA Metro Area","1013581","*****",
"310M600US23460","Gadsden, AL Metro Area","103162","*****",
"310M600US23540","Gainesville, FL Metro Area","344881","2910",
"310M600US23580","Gainesville, GA Metro Area","207369","*****",
"310M600US23700","Gallup, NM Micro Area","71780","*****",
"310M600US23900","Gettysburg, PA Metro Area","104127","*****",
"310M600US24020","Glens Falls, NY Metro Area","126574","*****",
"310M600US24060","Glenwood Springs, CO Micro Area","81084","1706",
"310M600US24140","Goldsboro, NC Metro Area","116835","*****",
"310M600US24220","Grand Forks, ND-MN Metro Area","103462","*****",
"310M600US24260","Grand Island, NE Metro Area","76175","*****",
"310M600US24300","Grand Junction, CO Metro Area","157335","*****",
"310M600US24340","Grand Rapids-Kentwood, MI Metro Area","1091620","*****",
"310M600US24420","Grants Pass, OR Metro Area","88346","*****",
"310M600US24500","Great Falls, MT Metro Area","84511","*****",
"310M600US24540","Greeley, CO Metro Area","340036","*****",
"310M600US24580","Green Bay, WI Metro Area","329490","*****",
"310M600US24620","Greeneville, TN Micro Area","70621","*****",
"310M600US24660","Greensboro-High Point, NC Metro Area","778848","*****",
"310M600US24780","Greenville, NC Metro Area","172169","*****",
"310M600US24860","Greenville-Anderson, SC Metro Area","940774","*****",
"310M600US24940","Greenwood, SC Micro Area","69241","*****",
"310M600US25020","Guayama, PR Metro Area","67526","3967",
"310M600US25060","Gulfport-Biloxi, MS Metro Area","418082","*****",
"310M600US25180","Hagerstown-Martinsburg, MD-WV Metro Area","300820","2594",
"310M600US25220","Hammond, LA Metro Area","135217","*****",
"310M600US25260","Hanford-Corcoran, CA Metro Area","153443","*****",
"310M600US25420","Harrisburg-Carlisle, PA Metro Area","596305","*****",
"310M600US25500","Harrisonburg, VA Metro Area","135824","*****",
"310M600US25540","Hartford-East Hartford-Middletown, CT Metro Area","1211906","*****",
"310M600US25620","Hattiesburg, MS Metro Area","172507","2017",
"310M600US25720","Heber, UT Micro Area","79266","*****",
"310M600US25740","Helena, MT Micro Area","84881","1891",
"310M600US25840","Hermiston-Pendleton, OR Micro Area","93962","2050",
"310M600US25860","Hickory-Lenoir-Morganton, NC Metro Area","366441","*****",
"310M600US25900","Hilo, HI Micro Area","202906","*****",
"310M600US25940","Hilton Head Island-Bluffton, SC Metro Area","222072","*****",
"310M600US25980","Hinesville, GA Metro Area","79371","2561",
"310M600US26020","Hobbs, NM Micro Area","73004","*****",
"310M600US26090","Holland, MI Micro Area","120950","*****",
"310M600US26140","Homosassa Springs, FL Metro Area","158083","*****",
"310M600US26300","Hot Springs, AR Metro Area","100330","*****",
"310M600US26380","Houma-Thibodaux, LA Metro Area","206212","*****",
"310M600US26420","Houston-The Woodlands-Sugar Land, TX Metro Area","7206841","*****",
"310M600US26580","Huntington-Ashland, WV-KY-OH Metro Area","356581","*****",
"310M600US26620","Huntsville, AL Metro Area","502728","*****",
"310M600US26660","Huntsville, TX Micro Area","77977","*****",
"310M600US26820","Idaho Falls, ID Metro Area","163293","1064",
"310M600US26860","Indiana, PA Micro Area","82886","*****",
"310M600US26900","Indianapolis-Carmel-Anderson, IN Metro Area","2129479","2781",
"310M600US26980","Iowa City, IA Metro Area","177239","*****",
"310M600US27060","Ithaca, NY Metro Area","105162","*****",
"310M600US27100","Jackson, MI Metro Area","160050","*****",
"310M600US27140","Jackson, MS Metro Area","586758","2563",
"310M600US27180","Jackson, TN Metro Area","180799","*****",
"310M600US27260","Jacksonville, FL Metro Area","1637666","*****",
"310M600US27340","Jacksonville, NC Metro Area","206160","*****",
"310M600US27460","Jamestown-Dunkirk-Fredonia, NY Micro Area","126807","*****",
"310M600US27500","Janesville-Beloit, WI Metro Area","164381","*****",
"310M600US27600","Jefferson, GA Micro Area","80286","*****",
"310M600US27620","Jefferson City, MO Metro Area","151698","2261",
"310M600US27740","Johnson City, TN Metro Area","205972","2172",
"310M600US27780","Johnstown, PA Metro Area","132167","*****",
"310M600US27860","Jonesboro, AR Metro Area","134878","*****",
"310M600US27900","Joplin, MO Metro Area","182541","*****",
"310M600US27980","Kahului-Wailuku-Lahaina, HI Metro Area","164268","50",
"310M600US28020","Kalamazoo-Portage, MI Metro Area","261108","*****",
"310M600US28060","Kalispell, MT Micro Area","108454","*****",
"310M600US28100","Kankakee, IL Metro Area","106601","*****",
"310M600US28140","Kansas City, MO-KS Metro Area","2199544","1821",
"310M600US28180","Kapaa, HI Micro Area","73454","*****",
"310M600US28300","Keene, NH Micro Area","77329","*****",
"310M600US28420","Kennewick-Richland, WA Metro Area","308293","*****",
"310M600US28580","Key West, FL Micro Area","82170","*****",
"310M600US28660","Killeen-Temple, TX Metro Area","486416","2102",
"310M600US28700","Kingsport-Bristol, TN-VA Metro Area","307318","2258",
"310M600US28740","Kingston, NY Metro Area","182951","*****",
"310M600US28900","Klamath Falls, OR Micro Area","70164","*****",
"310M600US28940","Knoxville, TN Metro Area","893002","2020",
"310M600US29020","Kokomo, IN Metro Area","83687","*****",
"310M600US29100","La Crosse-Onalaska, WI-MN Metro Area","139211","*****",
"310M600US29180","Lafayette, LA Metro Area","479212","*****",
"310M600US29200","Lafayette-West Lafayette, IN Metro Area","224253","1737",
"310M600US29300","LaGrange, GA-AL Micro Area","104261","*****",
"310M600US29340","Lake Charles, LA Metro Area","208680","1365",
"310M600US29380","Lake City, FL Micro Area","70385","*****",
"310M600US29420","Lake Havasu City-Kingman, AZ Metro Area","217692","*****",
"310M600US29460","Lakeland-Winter Haven, FL Metro Area","753520","*****",
"310M600US29540","Lancaster, PA Metro Area","553652","*****",
"310M600US29620","Lansing-East Lansing, MI Metro Area","540281","*****",
"310M600US29700","Laredo, TX Metro Area","267945","*****",
"310M600US29740","Las Cruces, NM Metro Area","221508","*****",
"310M600US29820","Las Vegas-Henderson-Paradise, NV Metro Area","2292476","*****",
"310M600US29860","Laurel, MS Micro Area","82728","2979",
"310M600US29940","Lawrence, KS Metro Area","119363","*****",
"310M600US30020","Lawton, OK Metro Area","127078","825",
"310M600US30100","Lebanon, NH-VT Micro Area","223471","*****",
"310M600US30140","Lebanon, PA Metro Area","143493","*****",
"310M600US30300","Lewiston, ID-WA Metro Area","64851","*****",
"310M600US30340","Lewiston-Auburn, ME Metro Area","111034","*****",
"310M600US30460","Lexington-Fayette, KY Metro Area","517846","*****",
"310M600US30620","Lima, OH Metro Area","101670","*****",
"310M600US30700","Lincoln, NE Metro Area","343035","1390",
"310M600US30780","Little Rock-North Little Rock-Conway, AR Metro Area","749673","1435",
"310M600US30860","Logan, UT-ID Metro Area","152492","1211",
"310M600US30940","London, KY Micro Area","150561","1809",
"310M600US30980","Longview, TX Metro Area","287868","*****",
"310M600US31020","Longview, WA Metro Area","111524","*****",
"310M600US31080","Los Angeles-Long Beach-Anaheim, CA Metro Area","12997353","*****",
"310M600US31140","Louisville/Jefferson County, KY-IN Metro Area","1284826","2254",
"310M600US31180","Lubbock, TX Metro Area","326546","2142",
"310M600US31260","Lufkin, TX Micro Area","86506","*****",
"310M600US31300","Lumberton, NC Micro Area","116328","*****",
"310M600US31340","Lynchburg, VA Metro Area","263571","2412",
"310M600US31420","Macon-Bibb County, GA Metro Area","232775","2663",
"310M600US31460","Madera, CA Metro Area","159410","*****",
"310M600US31540","Madison, WI Metro Area","683183","*****",
"310M600US31700","Manchester-Nashua, NH Metro Area","424079","*****",
"310M600US31740","Manhattan, KS Metro Area","133932","*****",
"310M600US31820","Manitowoc, WI Micro Area","81505","*****",
"310M600US31860","Mankato, MN Metro Area","103612","*****",
"310M600US31900","Mansfield, OH Metro Area","125195","*****",
"310M600US31940","Marinette, WI-MI Micro Area","65174","*****",
"310M600US31980","Marion, IN Micro Area","66263","*****",
"310M600US32020","Marion, OH Micro Area","65291","*****",
"310M600US32100","Marquette, MI Micro Area","66103","*****",
"310M600US32420","Mayagüez, PR Metro Area","96503","3659",
"310M600US32580","McAllen-Edinburg-Mission, TX Metro Area","880356","*****",
"310M600US32740","Meadville, PA Micro Area","83351","*****",
"310M600US32780","Medford, OR Metro Area","223734","*****",
"310M600US32820","Memphis, TN-MS-AR Metro Area","1336438","2042",
"310M600US32900","Merced, CA Metro Area","286461","*****",
"310M600US32940","Meridian, MS Micro Area","96829","3484",
"310M600US33100","Miami-Fort Lauderdale-Pompano Beach, FL Metro Area","6091747","*****",
"310M600US33140","Michigan City-La Porte, IN Metro Area","112390","*****",
"310M600US33220","Midland, MI Metro Area","83457","*****",
"310M600US33260","Midland, TX Metro Area","172231","1243",
"310M600US33340","Milwaukee-Waukesha, WI Metro Area","1566487","*****",
"310M600US33460","Minneapolis-St. Paul-Bloomington, MN-WI Metro Area","3690512","*****",
"310M600US33500","Minot, ND Micro Area","77178","1121",
"310M600US33540","Missoula, MT Metro Area","119533","*****",
"310M600US33660","Mobile, AL Metro Area","430714","2584",
"310M600US33700","Modesto, CA Metro Area","552999","*****",
"310M600US33740","Monroe, LA Metro Area","204884","*****",
"310M600US33780","Monroe, MI Metro Area","155274","*****",
"310M600US33860","Montgomery, AL Metro Area","386814","1928",
"310M600US33980","Morehead City, NC Micro Area","68541","*****",
"310M600US34060","Morgantown, WV Metro Area","140745","*****",
"310M600US34100","Morristown, TN Metro Area","143855","*****",
"310M600US34180","Moses Lake, WA Micro Area","100297","*****",
"310M600US34340","Mount Airy, NC Micro Area","71152","*****",
"310M600US34580","Mount Vernon-Anacortes, WA Metro Area","130696","*****",
"310M600US34620","Muncie, IN Metro Area","111871","*****",
"310M600US34740","Muskegon, MI Metro Area","176511","*****",
"310M600US34780","Muskogee, OK Micro Area","66146","*****",
"310M600US34820","Myrtle Beach-Conway-North Myrtle Beach, SC-NC Metro Area","509794","*****",
"310M600US34900","Napa, CA Metro Area","136207","*****",
"310M600US34940","Naples-Marco Island, FL Metro Area","385980","*****",
"310M600US34980","Nashville-Davidson--Murfreesboro--Franklin, TN Metro Area","2013506","2463",
"310M600US35100","New Bern, NC Metro Area","120508","2141",
"310M600US35260","New Castle, PA Micro Area","85497","*****",
"310M600US35300","New Haven-Milford, CT Metro Area","863700","*****",
"310M600US35380","New Orleans-Metairie, LA Metro Area","1261726","*****",
"310M600US35420","New Philadelphia-Dover, OH Micro Area","92500","*****",
"310M600US35620","New York-Newark-Jersey City, NY-NJ-PA Metro Area","19768458","*****",
"310M600US35660","Niles, MI Metro Area","153101","*****",
"310M600US35840","North Port-Sarasota-Bradenton, FL Metro Area","859760","*****",
"310M600US35900","North Wilkesboro, NC Micro Area","65806","*****",
"310M600US35980","Norwich-New London, CT Metro Area","268805","*****",
"310M600US36020","Oak Harbor, WA Micro Area","87432","*****",
"310M600US36100","Ocala, FL Metro Area","385915","*****",
"310M600US36140","Ocean City, NJ Metro Area","95661","*****",
"310M600US36220","Odessa, TX Metro Area","161091","*****",
"310M600US36260","Ogden-Clearfield, UT Metro Area","708543","2146",
"310M600US36300","Ogdensburg-Massena, NY Micro Area","108051","*****",
"310M600US36420","Oklahoma City, OK Metro Area","1441647","*****",
"310M600US36460","Olean, NY Micro Area","76426","*****",
"310M600US36500","Olympia-Lacey-Tumwater, WA Metro Area","297977","*****",
"310M600US36540","Omaha-Council Bluffs, NE-IA Metro Area","972195","1188",
"310M600US36660","Opelousas, LA Micro Area","82071","*****",
"310M600US36700","Orangeburg, SC Micro Area","82962","*****",
"310M600US36740","Orlando-Kissimmee-Sanford, FL Metro Area","2691925","*****",
"310M600US36780","Oshkosh-Neenah, WI Metro Area","171623","*****",
"310M600US36837","Ottawa, IL Micro Area","147165","872",
"310M600US36980","Owensboro, KY Metro Area","122696","2499",
"310M600US37100","Oxnard-Thousand Oaks-Ventura, CA Metro Area","839784","*****",
"310M600US37140","Paducah, KY-IL Micro Area","99498","2985",
"310M600US37260","Palatka, FL Micro Area","74167","*****",
"310M600US37340","Palm Bay-Melbourne-Titusville, FL Metro Area","616628","*****",
"310M600US37460","Panama City, FL Metro Area","179168","*****",
"310M600US37620","Parkersburg-Vienna, WV Metro Area","88181","1159",
"310M600US37860","Pensacola-Ferry Pass-Brent, FL Metro Area","516388","*****",
"310M600US37900","Peoria, IL Metro Area","398473","872",
"310M600US37980","Philadelphia-Camden-Wilmington, PA-NJ-DE-MD Metro Area","6228601","*****",
"310M600US38060","Phoenix-Mesa-Chandler, AZ Metro Area","4946145","*****",
"310M600US38220","Pine Bluff, AR Metro Area","86747","1431",
"310M600US38240","Pinehurst-Southern Pines, NC Micro Area","102763","*****",
"310M600US38300","Pittsburgh, PA Metro Area","2353538","*****",
"310M600US38340","Pittsfield, MA Metro Area","128657","*****",
"310M600US38460","Plattsburgh, NY Micro Area","79596","*****",
"310M600US38540","Pocatello, ID Metro Area","97645","2211",
"310M600US38660","Ponce, PR Metro Area","219010","2442",
"310M600US38820","Port Angeles, WA Micro Area","78209","*****",
"310M600US38860","Portland-South Portland, ME Metro Area","556893","*****",
"310M600US38900","Portland-Vancouver-Hillsboro, OR-WA Metro Area","2510696","1126",
"310M600US38940","Port St. Lucie, FL Metro Area","503521","*****",
"310M600US39020","Portsmouth, OH Micro Area","73346","*****",
"310M600US39060","Pottsville, PA Micro Area","143264","*****",
"310M600US39100","Poughkeepsie-Newburgh-Middletown, NY Metro Area","701637","*****",
"310M600US39150","Prescott Valley-Prescott, AZ Metro Area","242253","*****",
"310M600US39300","Providence-Warwick, RI-MA Metro Area","1675774","*****",
"310M600US39340","Provo-Orem, UT Metro Area","696699","1912",
"310M600US39380","Pueblo, CO Metro Area","169622","*****",
"310M600US39460","Punta Gorda, FL Metro Area","194843","*****",
"310M600US39500","Quincy, IL-MO Micro Area","74323","1225",
"310M600US39540","Racine, WI Metro Area","196896","*****",
"310M600US39580","Raleigh-Cary, NC Metro Area","1448411","*****",
"310M600US39660","Rapid City, SD Metro Area","141190","2514",
"310M600US39740","Reading, PA Metro Area","429342","*****",
"310M600US39780","Red Bluff, CA Micro Area","65498","*****",
"310M600US39820","Redding, CA Metro Area","182139","*****",
"310M600US39900","Reno, NV Metro Area","496997","1565",
"310M600US39940","Rexburg, ID Micro Area","67455","1940",
"310M600US39980","Richmond, IN Micro Area","66456","*****",
"310M600US40060","Richmond, VA Metro Area","1317525","6734",
"310M600US40080","Richmond-Berea, KY Micro Area","109390","1910",
"310M600US40100","Rio Grande City-Roma, TX Micro Area","66049","*****",
"310M600US40140","Riverside-San Bernardino-Ontario, CA Metro Area","4653105","*****",
"310M600US40220","Roanoke, VA Metro Area","315442","2753",
"310M600US40260","Roanoke Rapids, NC Micro Area","65470","2851",
"310M600US40340","Rochester, MN Metro Area","227151","*****",
"310M600US40380","Rochester, NY Metro Area","1084973","*****",
"310M600US40420","Rockford, IL Metro Area","336278","*****",
"310M600US40580","Rocky Mount, NC Metro Area","143535","*****",
"310M600US40660","Rome, GA Metro Area","98771","*****",
"310M600US40700","Roseburg, OR Micro Area","111978","*****",
"310M600US40780","Russellville, AR Micro Area","83944","*****",
"310M600US40900","Sacramento-Roseville-Folsom, CA Metro Area","2411428","*****",
"310M600US40980","Saginaw, MI Metro Area","189591","*****",
"310M600US41060","St. Cloud, MN Metro Area","200406","*****",
"310M600US41100","St. George, UT Metro Area","191226","*****",
"310M600US41140","St. Joseph, MO-KS Metro Area","120274","1453",
"310M600US41180","St. Louis, MO-IL Metro Area","2806615","1864",
"310M600US41400","Salem, OH Micro Area","101310","*****",
"310M600US41420","Salem, OR Metro Area","436283","*****",
"310M600US41500","Salinas, CA Metro Area","437325","*****",
"310M600US41540","Salisbury, MD-DE Metro Area","429223","*****",
"310M600US41620","Salt Lake City, UT Metro Area","1263061","*****",
"310M600US41660","San Angelo, TX Metro Area","122066","844",
"310M600US41700","San Antonio-New Braunfels, TX Metro Area","2601788","*****",
"310M600US41740","San Diego-Chula Vista-Carlsbad, CA Metro Area","3286069","*****",
"310M600US41780","Sandusky, OH Micro Area","74852","*****",
"310M600US41860","San Francisco-Oakland-Berkeley, CA Metro Area","4623264","*****",
"310M600US41900","San Germán, PR Metro Area","119361","3289",
"310M600US41940","San Jose-Sunnyvale-Santa Clara, CA Metro Area","1952185","*****",
"310M600US41980","San Juan-Bayamón-Caguas, PR Metro Area","2070305","4967",
"310M600US42020","San Luis Obispo-Paso Robles, CA Metro Area","283159","*****",
"310M600US42100","Santa Cruz-Watsonville, CA Metro Area","267792","*****",
"310M600US42140","Santa Fe, NM Metro Area","155201","*****",
"310M600US42200","Santa Maria-Santa Barbara, CA Metro Area","446475","*****",
"310M600US42220","Santa Rosa-Petaluma, CA Metro Area","485887","*****",
"310M600US42340","Savannah, GA Metro Area","410008","*****",
"310M600US42540","Scranton--Wilkes-Barre, PA Metro Area","567750","*****",
"310M600US42620","Searcy, AR Micro Area","77207","*****",
"310M600US42660","Seattle-Tacoma-Bellevue, WA Metro Area","4011553","*****",
"310M600US42680","Sebastian-Vero Beach, FL Metro Area","163662","*****",
"310M600US42700","Sebring-Avon Park, FL Metro Area","103296","*****",
"310M600US42860","Seneca, SC Micro Area","79203","*****",
"310M600US42940","Sevierville, TN Micro Area","99517","*****",
"310M600US43060","Shawnee, OK Micro Area","73019","*****",
"310M600US43100","Sheboygan, WI Metro Area","117747","*****",
"310M600US43140","Shelby, NC Micro Area","100359","*****",
"310M600US43220","Shelton, WA Micro Area","67615","*****",
"310M600US43300","Sherman-Denison, TX Metro Area","139336","*****",
"310M600US43320","Show Low, AZ Micro Area","108147","*****",
"310M600US43340","Shreveport-Bossier City, LA Metro Area","389155","*****",
"310M600US43420","Sierra Vista-Douglas, AZ Metro Area","126050","*****",
"310M600US43580","Sioux City, IA-NE-SD Metro Area","149400","2164",
"310M600US43620","Sioux Falls, SD Metro Area","282557","645",
"310M600US43700","Somerset, KY Micro Area","65423","*****",
"310M600US43740","Somerset, PA Micro Area","73627","*****",
"310M600US43780","South Bend-Mishawaka, IN-MI Metro Area","323695","*****",
"310M600US43900","Spartanburg, SC Metro Area","335864","*****",
"310M600US44060","Spokane-Spokane Valley, WA Metro Area","593466","*****",
"310M600US44100","Springfield, IL Metro Area","207245","1700",
"310M600US44140","Springfield, MA Metro Area","695305","*****",
"310M600US44180","Springfield, MO Metro Area","479598","2418",
"310M600US44220","Springfield, OH Metro Area","135633","*****",
"310M600US44300","State College, PA Metro Area","157527","*****",
"310M600US44340","Statesboro, GA Micro Area","82442","*****",
"310M600US44420","Staunton, VA Metro Area","125774","*****",
"310M600US44620","Stevens Point, WI Micro Area","70468","*****",
"310M600US44660","Stillwater, OK Micro Area","81989","*****",
"310M600US44700","Stockton, CA Metro Area","789410","*****",
"310M600US44940","Sumter, SC Metro Area","135782","*****",
"310M600US44980","Sunbury, PA Micro Area","91266","*****",
"310M600US45060","Syracuse, NY Metro Area","658281","*****",
"310M600US45180","Talladega-Sylacauga, AL Micro Area","81524","*****",
"310M600US45220","Tallahassee, FL Metro Area","387127","2322",
"310M600US45300","Tampa-St. Petersburg-Clearwater, FL Metro Area","3219514","*****",
"310M600US45460","Terre Haute, IN Metro Area","186369","2476",
"310M600US45500","Texarkana, TX-AR Metro Area","146424","2188",
"310M600US45540","The Villages, FL Metro Area","135638","*****",
"310M600US45780","Toledo, OH Metro Area","644217","*****",
"310M600US45820","Topeka, KS Metro Area","232670","*****",
"310M600US45860","Torrington, CT Micro Area","185000","*****",
"310M600US45900","Traverse City, MI Micro Area","154685","*****",
"310M600US45940","Trenton-Princeton, NJ Metro Area","385898","*****",
"310M600US46020","Truckee-Grass Valley, CA Micro Area","103487","*****",
"310M600US46060","Tucson, AZ Metro Area","1052030","*****",
"310M600US46100","Tullahoma-Manchester, TN Micro Area","107220","1355",
"310M600US46140","Tulsa, OK Metro Area","1024191","1237",
"310M600US46180","Tupelo, MS Micro Area","163162","*****",
"310M600US46220","Tuscaloosa, AL Metro Area","266638","3559",
"310M600US46300","Twin Falls, ID Metro Area","118253","2419",
"310M600US46340","Tyler, TX Metro Area","237186","*****",
"310M600US46380","Ukiah, CA Micro Area","91305","*****",
"310M600US46520","Urban Honolulu, HI Metro Area","1000890","*****",
"310M600US46540","Utica-Rome, NY Metro Area","290211","*****",
"310M600US46660","Valdosta, GA Metro Area","147916","856",
"310M600US46700","Vallejo, CA Metro Area","451716","*****",
"310M600US47020","Victoria, TX Metro Area","100796","2232",
"310M600US47220","Vineland-Bridgeton, NJ Metro Area","153627","*****",
"310M600US47260","Virginia Beach-Norfolk-Newport News, VA-NC Metro Area","1806423","5636",
"310M600US47300","Visalia, CA Metro Area","477054","*****",
"310M600US47380","Waco, TX Metro Area","280485","2902",
"310M600US47460","Walla Walla, WA Metro Area","62682","*****",
"310M600US47580","Warner Robins, GA Metro Area","195246","*****",
"310M600US47700","Warsaw, IN Micro Area","80106","*****",
"310M600US47900","Washington-Arlington-Alexandria, DC-VA-MD-WV Metro Area","6358652","2025",
"310M600US47940","Waterloo-Cedar Falls, IA Metro Area","167796","*****",
"310M600US48020","Watertown-Fort Atkinson, WI Micro Area","84943","*****",
"310M600US48060","Watertown-Fort Drum, NY Metro Area","116295","*****",
"310M600US48140","Wausau-Weston, WI Metro Area","166189","*****",
"310M600US48260","Weirton-Steubenville, WV-OH Metro Area","113798","2864",
"310M600US48300","Wenatchee, WA Metro Area","123342","*****",
"310M600US48540","Wheeling, WV-OH Metro Area","137740","*****",
"310M600US48580","Whitewater, WI Micro Area","106799","*****",
"310M600US48620","Wichita, KS Metro Area","647919","*****",
"310M600US48660","Wichita Falls, TX Metro Area","149013","*****",
"310M600US48700","Williamsport, PA Metro Area","113605","*****",
"310M600US48900","Wilmington, NC Metro Area","291833","*****",
"310M600US48980","Wilson, NC Micro Area","78369","*****",
"310M600US49020","Winchester, VA-WV Metro Area","142562","2594",
"310M600US49180","Winston-Salem, NC Metro Area","681438","*****",
"310M600US49220","Wisconsin Rapids-Marshfield, WI Micro Area","74070","*****",
"310M600US49300","Wooster, OH Micro Area","116710","*****",
"310M600US49340","Worcester, MA-CT Metro Area","978447","*****",
"310M600US49420","Yakima, WA Metro Area","256035","*****",
"310M600US49500","Yauco, PR Metro Area","88542","2411",
"310M600US49620","York-Hanover, PA Metro Area","458696","*****",
"310M600US49660","Youngstown-Warren-Boardman, OH-PA Metro Area","538069","*****",
"310M600US49700","Yuba City, CA Metro Area","182484","*****",
"310M600US49740","Yuma, AZ Metro Area","206990","*****",
"310M600US49780","Zanesville, OH Micro Area","86408","*****",
